{
    "LSTM": {
        "RMSE": 360.0023501724317,
        "MAE": 291.55968544380346,
        "R2": 0.7856036373538671,
        "MAPE": 1.6700812077831917,
        "CVRMSE": 2.058688912247963
    },
    "GRU": {
        "RMSE": 375.420874795795,
        "MAE": 268.105050188114,
        "R2": 0.7668456214050333,
        "MAPE": 1.5273433265180627,
        "CVRMSE": 2.146860407989968
    },
    "BiLSTM": {
        "RMSE": 439.13566616551356,
        "MAE": 327.98214681078605,
        "R2": 0.6809900976442944,
        "MAPE": 1.8577930737653698,
        "CVRMSE": 2.511216180879243
    },
    "CNN": {
        "RMSE": 851.3428136484795,
        "MAE": 720.1320427320094,
        "R2": -0.1989903562380888,
        "MAPE": 4.077257250463644,
        "CVRMSE": 4.868440470293138
    },
    "Hybrid": {
        "RMSE": 732.5112055340188,
        "MAE": 636.7177444765127,
        "R2": 0.11236322577819369,
        "MAPE": 3.677299875539815,
        "CVRMSE": 4.188896811945741
    }
}