{
    "LSTM": {
        "RMSE": 2443.484984779661,
        "MAE": 1827.8250931162681,
        "R2": 0.9018005440046535,
        "MAPE": 1.3185582212408569,
        "CVRMSE": 1.7579919331140084
    },
    "GRU": {
        "RMSE": 2899.0119909124096,
        "MAE": 2303.8525294258407,
        "R2": 0.8617739950759431,
        "MAPE": 1.6483318263884434,
        "CVRMSE": 2.085725807921985
    },
    "BiLSTM": {
        "RMSE": 2364.363088348073,
        "MAE": 1778.9718544609352,
        "R2": 0.9080571262270918,
        "MAPE": 1.2854721980026518,
        "CVRMSE": 1.7010668214289222
    },
    "CNN": {
        "RMSE": 4556.93963547277,
        "MAE": 3864.7776372964063,
        "R2": 0.6584641602998667,
        "MAPE": 2.783496065576165,
        "CVRMSE": 3.2785399414152776
    },
    "Hybrid": {
        "RMSE": 3612.6349525756846,
        "MAE": 2913.1802915382964,
        "R2": 0.7853465408588594,
        "MAPE": 2.0907348566266344,
        "CVRMSE": 2.5991496340160474
    }
}