{
    "LSTM": {
        "RMSE": 763.8388111760479,
        "MAE": 596.6198120468465,
        "R2": -0.10276888699409903,
        "MAPE": 2.2343410826584664,
        "CVRMSE": 2.891708954837474
    },
    "GRU": {
        "RMSE": 663.8520127427905,
        "MAE": 518.6837638482126,
        "R2": 0.1670410202174476,
        "MAPE": 1.945153832571212,
        "CVRMSE": 2.5131831243028673
    },
    "BiLSTM": {
        "RMSE": 707.2193552067324,
        "MAE": 581.9366751809127,
        "R2": 0.05465716321828917,
        "MAPE": 2.205854861678377,
        "CVRMSE": 2.677361391648831
    },
    "CNN": {
        "RMSE": 764.9868791876901,
        "MAE": 584.208957632527,
        "R2": -0.10608635429045887,
        "MAPE": 2.190576334671911,
        "CVRMSE": 2.8960552625943636
    },
    "Hybrid": {
        "RMSE": 962.7678953731574,
        "MAE": 779.4791197214978,
        "R2": -0.7519603028562569,
        "MAPE": 2.959362689025335,
        "CVRMSE": 3.6448063436238867
    }
}