{
    "LSTM": {
        "RMSE": 1859.04537884254,
        "MAE": 1502.1526925120731,
        "R2": 0.8136149383075167,
        "MAPE": 2.413224639089376,
        "CVRMSE": 2.963852829250019
    },
    "GRU": {
        "RMSE": 1243.8717073000128,
        "MAE": 958.2415019100807,
        "R2": 0.9165584622479193,
        "MAPE": 1.535320843795931,
        "CVRMSE": 1.9830891278192146
    },
    "BiLSTM": {
        "RMSE": 1656.0926697656819,
        "MAE": 1331.4709656205023,
        "R2": 0.8520890284590272,
        "MAPE": 2.1461080544672195,
        "CVRMSE": 2.6402878599129522
    },
    "CNN": {
        "RMSE": 1949.4189282947195,
        "MAE": 1521.2793841896196,
        "R2": 0.7950530416959869,
        "MAPE": 2.4066169624554887,
        "CVRMSE": 3.1079342504361853
    },
    "Hybrid": {
        "RMSE": 2623.563783941561,
        "MAE": 2085.213691890253,
        "R2": 0.6287945239499586,
        "MAPE": 3.382271130866422,
        "CVRMSE": 4.182714974173683
    }
}