{
    "LSTM": {
        "RMSE": 563.2336008942322,
        "MAE": 501.6242964276542,
        "R2": 0.7015443933471884,
        "MAPE": 4.820938620253368,
        "CVRMSE": 5.251802252755023
    },
    "GRU": {
        "RMSE": 608.1935332133572,
        "MAE": 549.3413009496287,
        "R2": 0.6519944047674036,
        "MAPE": 5.276046254289225,
        "CVRMSE": 5.671025597140748
    },
    "BiLSTM": {
        "RMSE": 484.2120825079425,
        "MAE": 426.82959551220836,
        "R2": 0.7794160675840652,
        "MAPE": 4.086279085709746,
        "CVRMSE": 4.514975849610138
    },
    "CNN": {
        "RMSE": 731.5717402491553,
        "MAE": 625.3484569137041,
        "R2": 0.49648029383847614,
        "MAPE": 5.973061593805348,
        "CVRMSE": 6.821450473466899
    },
    "Hybrid": {
        "RMSE": 792.8097183311986,
        "MAE": 702.9737096959286,
        "R2": 0.4086555015896165,
        "MAPE": 6.833352005469939,
        "CVRMSE": 7.39245644813678
    }
}