{
    "LSTM": {
        "RMSE": 1649.4176124037424,
        "MAE": 1121.4253484944813,
        "R2": 0.7458887308662422,
        "MAPE": 1.1410359725095016,
        "CVRMSE": 1.7079697004443264
    },
    "GRU": {
        "RMSE": 1424.3045527100576,
        "MAE": 923.2175281837038,
        "R2": 0.8105178102699881,
        "MAPE": 0.9430809819932005,
        "CVRMSE": 1.4748654324652752
    },
    "BiLSTM": {
        "RMSE": 1725.7125819970463,
        "MAE": 1182.7073825230223,
        "R2": 0.7218368466513603,
        "MAPE": 1.20867563862791,
        "CVRMSE": 1.7869730379749476
    },
    "CNN": {
        "RMSE": 2431.3975380099914,
        "MAE": 1727.7597246254134,
        "R2": 0.4478277013480263,
        "MAPE": 1.7605307911091632,
        "CVRMSE": 2.5177088527653555
    },
    "Hybrid": {
        "RMSE": 2385.537394308656,
        "MAE": 1762.2561454908625,
        "R2": 0.4684610093483046,
        "MAPE": 1.8022874223705676,
        "CVRMSE": 2.4702207361653667
    }
}