{
    "LSTM": {
        "RMSE": 1127.993640846226,
        "MAE": 695.0928282799356,
        "R2": 0.8645272179772623,
        "MAPE": 2.5425038746666955,
        "CVRMSE": 4.120577716612577
    },
    "GRU": {
        "RMSE": 1044.1362423638518,
        "MAE": 604.8313586106987,
        "R2": 0.8839211523842648,
        "MAPE": 2.2056328217803323,
        "CVRMSE": 3.8142453801107985
    },
    "BiLSTM": {
        "RMSE": 1393.928730303723,
        "MAE": 740.8895933528682,
        "R2": 0.7931193434857221,
        "MAPE": 2.6701612390293947,
        "CVRMSE": 5.092042593721153
    },
    "CNN": {
        "RMSE": 2429.2928753436463,
        "MAE": 1414.7945819515803,
        "R2": 0.37165451355838,
        "MAPE": 5.072237578464083,
        "CVRMSE": 8.874243370518569
    },
    "Hybrid": {
        "RMSE": 1553.6242872782038,
        "MAE": 1072.3901490645142,
        "R2": 0.7430014041893196,
        "MAPE": 3.9840801919022333,
        "CVRMSE": 5.675412862561869
    }
}