{
    "LSTM": {
        "RMSE": 1231.1102693508785,
        "MAE": 1139.3899466894893,
        "R2": -0.02976646980532749,
        "MAPE": 4.863696402440928,
        "CVRMSE": 5.1768680816081245
    },
    "GRU": {
        "RMSE": 722.6101064100418,
        "MAE": 626.086281152457,
        "R2": 0.645225087776897,
        "MAPE": 2.680231491963908,
        "CVRMSE": 3.0386044925886444
    },
    "BiLSTM": {
        "RMSE": 774.127275075609,
        "MAE": 670.8312048797906,
        "R2": 0.5928358076773734,
        "MAPE": 2.873733404099892,
        "CVRMSE": 3.255236253982542
    },
    "CNN": {
        "RMSE": 2661.6999037441374,
        "MAE": 2489.288993886402,
        "R2": -3.813522613621287,
        "MAPE": 10.661098822811585,
        "CVRMSE": 11.192554897440479
    },
    "Hybrid": {
        "RMSE": 1760.5437803691586,
        "MAE": 1655.2442634070712,
        "R2": -1.1059036503689588,
        "MAPE": 7.087153017734636,
        "CVRMSE": 7.403157239255545
    }
}