{
    "LSTM": {
        "RMSE": 520.1654534587262,
        "MAE": 385.3776778506844,
        "R2": 0.7740468421899432,
        "MAPE": 0.9267096369289898,
        "CVRMSE": 1.2590618743748732
    },
    "GRU": {
        "RMSE": 682.7913592460272,
        "MAE": 576.6644239858487,
        "R2": 0.6106757663445573,
        "MAPE": 1.3932164376473313,
        "CVRMSE": 1.6526983152438124
    },
    "BiLSTM": {
        "RMSE": 644.0447902967172,
        "MAE": 514.0915123813953,
        "R2": 0.6536082438562609,
        "MAPE": 1.2382030269755655,
        "CVRMSE": 1.5589121412437266
    },
    "CNN": {
        "RMSE": 962.5673115002255,
        "MAE": 805.4733912876928,
        "R2": 0.2262554150250049,
        "MAPE": 1.9518717228425204,
        "CVRMSE": 2.329896757600839
    },
    "Hybrid": {
        "RMSE": 955.1276170923134,
        "MAE": 798.5222981097072,
        "R2": 0.23816975589432166,
        "MAPE": 1.9388564339785035,
        "CVRMSE": 2.311888957344751
    }
}