{
    "LSTM": {
        "RMSE": 624.9839365511269,
        "MAE": 539.9797102127299,
        "R2": 0.6920651425587816,
        "MAPE": 3.9590209059433947,
        "CVRMSE": 4.492190675757239
    },
    "GRU": {
        "RMSE": 624.6143768845916,
        "MAE": 563.6230392653715,
        "R2": 0.6924292052199499,
        "MAPE": 4.083587666239427,
        "CVRMSE": 4.48953439550577
    },
    "BiLSTM": {
        "RMSE": 386.49276422744856,
        "MAE": 303.27512994931305,
        "R2": 0.882238351208444,
        "MAPE": 2.213007907522013,
        "CVRMSE": 2.7779901052995393
    },
    "CNN": {
        "RMSE": 672.722890204346,
        "MAE": 551.6804979918998,
        "R2": 0.6432257079655805,
        "MAPE": 4.051174068519171,
        "CVRMSE": 4.835323466745147
    },
    "Hybrid": {
        "RMSE": 470.44186295415676,
        "MAE": 372.36731533798115,
        "R2": 0.8255250572084916,
        "MAPE": 2.6837693994075074,
        "CVRMSE": 3.3813901872590737
    }
}