{
    "LSTM": {
        "RMSE": 217.73769391396917,
        "MAE": 164.49719324756495,
        "R2": 0.6398713281730228,
        "MAPE": 1.968748922151297,
        "CVRMSE": 2.6254320567373584
    },
    "GRU": {
        "RMSE": 199.92096048383695,
        "MAE": 143.7800241474057,
        "R2": 0.6963962575774141,
        "MAPE": 1.7298016668374656,
        "CVRMSE": 2.410601899161173
    },
    "BiLSTM": {
        "RMSE": 224.35025192464113,
        "MAE": 169.20397067556658,
        "R2": 0.6176654153820622,
        "MAPE": 2.039969204161538,
        "CVRMSE": 2.7051647914154113
    },
    "CNN": {
        "RMSE": 401.4936058984271,
        "MAE": 294.9817604732984,
        "R2": -0.22446881191060464,
        "MAPE": 3.524003000374439,
        "CVRMSE": 4.841119443091427
    },
    "Hybrid": {
        "RMSE": 303.11798558024964,
        "MAE": 239.23702380158792,
        "R2": 0.3020667745136255,
        "MAPE": 2.9084458925595675,
        "CVRMSE": 3.654928377401095
    }
}