{
    "LSTM": {
        "RMSE": 958.667066657089,
        "MAE": 762.9815406408289,
        "R2": 0.9580778807660011,
        "MAPE": 1.1591387657803125,
        "CVRMSE": 1.436311416840476
    },
    "GRU": {
        "RMSE": 975.5367746380723,
        "MAE": 802.4656687278537,
        "R2": 0.9565894884514999,
        "MAPE": 1.2240419501834652,
        "CVRMSE": 1.461586254179306
    },
    "BiLSTM": {
        "RMSE": 968.4477686026418,
        "MAE": 744.9265037279338,
        "R2": 0.9572181049367606,
        "MAPE": 1.1036449171810832,
        "CVRMSE": 1.4509652360418572
    },
    "CNN": {
        "RMSE": 1696.5393968683693,
        "MAE": 1375.5024046472588,
        "R2": 0.8687088323008564,
        "MAPE": 2.093188401868528,
        "CVRMSE": 2.54181977204951
    },
    "Hybrid": {
        "RMSE": 1393.138940413988,
        "MAE": 1171.3364955981947,
        "R2": 0.9114687745701955,
        "MAPE": 1.7855494588503273,
        "CVRMSE": 2.0872536826983716
    }
}