{
    "LinearRegression": {
        "RMSE": 322.66885845817575,
        "MAE": 232.35336997238974,
        "R2": 0.8277652232691659,
        "MAPE": 1.333750566770777,
        "CVRMSE": 1.845195735298349
    },
    "KNN": {
        "RMSE": 896.7457062741728,
        "MAE": 720.7020050923695,
        "R2": -0.33028701810461447,
        "MAPE": 4.082621027126941,
        "CVRMSE": 5.1280788631751015
    },
    "DecisionTree": {
        "RMSE": 921.4769222882692,
        "MAE": 716.9014084507044,
        "R2": -0.4046743994252271,
        "MAPE": 4.08715261069254,
        "CVRMSE": 5.269505384891538
    },
    "RandomForest": {
        "RMSE": 510.6869851226031,
        "MAE": 400.8686791170598,
        "R2": 0.5685640592865476,
        "MAPE": 2.281064365735513,
        "CVRMSE": 2.920385473588371
    },
    "SVR_RBF": {
        "RMSE": 598.8137627884607,
        "MAE": 488.5522823830752,
        "R2": 0.40681482589493245,
        "MAPE": 2.7690376254556797,
        "CVRMSE": 3.4243422393315512
    }
}