{
    "LinearRegression": {
        "RMSE": 2218.80540978525,
        "MAE": 1664.8702331217303,
        "R2": 0.9190292494772303,
        "MAPE": 1.192499424415092,
        "CVRMSE": 1.5963437614100697
    },
    "KNN": {
        "RMSE": 8576.707928858385,
        "MAE": 6726.536511979494,
        "R2": -0.2098484554115987,
        "MAPE": 4.724380381348303,
        "CVRMSE": 6.170606099700515
    },
    "DecisionTree": {
        "RMSE": 7829.732965424757,
        "MAE": 6331.690140845067,
        "R2": -0.00828576035460138,
        "MAPE": 4.481997093522447,
        "CVRMSE": 5.633186812029769
    },
    "RandomForest": {
        "RMSE": 7862.338020289569,
        "MAE": 5918.087289866877,
        "R2": -0.016700776082661406,
        "MAPE": 4.124218605327967,
        "CVRMSE": 5.656644874505339
    },
    "SVR_RBF": {
        "RMSE": 13852.42250015177,
        "MAE": 10960.998221322996,
        "R2": -2.156030494431358,
        "MAPE": 7.601777905191271,
        "CVRMSE": 9.966276511230436
    }
}