{
    "LinearRegression": {
        "RMSE": 409.1871032673044,
        "MAE": 305.4248081928666,
        "R2": 0.6835355459651509,
        "MAPE": 1.1537882173327256,
        "CVRMSE": 1.5490833843599463
    },
    "KNN": {
        "RMSE": 1484.1152004961657,
        "MAE": 1338.926607041775,
        "R2": -3.163094682018415,
        "MAPE": 5.129362734704733,
        "CVRMSE": 5.618501118943602
    },
    "DecisionTree": {
        "RMSE": 749.072196072968,
        "MAE": 616.5492957746486,
        "R2": -0.06054332879341118,
        "MAPE": 2.3325057726380054,
        "CVRMSE": 2.835806122326947
    },
    "RandomForest": {
        "RMSE": 537.7139661485105,
        "MAE": 430.5212649687011,
        "R2": 0.4535081430363962,
        "MAPE": 1.6346939326305217,
        "CVRMSE": 2.0356549946169853
    },
    "SVR_RBF": {
        "RMSE": 1205.8307628953385,
        "MAE": 1089.3448007529369,
        "R2": -1.7482344568923507,
        "MAPE": 4.087414798078981,
        "CVRMSE": 4.564983559442749
    }
}