{
    "LinearRegression": {
        "RMSE": 1081.0645924166956,
        "MAE": 801.0767728728725,
        "R2": 0.9369718722485204,
        "MAPE": 1.2874751245566722,
        "CVRMSE": 1.7235277779131764
    },
    "KNN": {
        "RMSE": 3760.707985661525,
        "MAE": 3235.3765725662274,
        "R2": 0.23727085010033322,
        "MAPE": 5.257111358556786,
        "CVRMSE": 5.99564977280209
    },
    "DecisionTree": {
        "RMSE": 3738.550596605626,
        "MAE": 3132.394366197184,
        "R2": 0.2462320885193735,
        "MAPE": 5.072938882991213,
        "CVRMSE": 5.960324524161303
    },
    "RandomForest": {
        "RMSE": 1654.3010876514054,
        "MAE": 1293.4050575738397,
        "R2": 0.8524088792966781,
        "MAPE": 2.1042906166926127,
        "CVRMSE": 2.6374315629238287
    },
    "SVR_RBF": {
        "RMSE": 3135.493206247367,
        "MAE": 2639.394976566155,
        "R2": 0.46979618518592203,
        "MAPE": 4.169795675512327,
        "CVRMSE": 4.998877658498295
    }
}