{
    "LinearRegression": {
        "RMSE": 248.68194127128547,
        "MAE": 189.10059176186374,
        "R2": 0.9418176674510227,
        "MAPE": 1.7787286357410705,
        "CVRMSE": 2.3188040935670036
    },
    "KNN": {
        "RMSE": 2883.774595741862,
        "MAE": 2752.512957743262,
        "R2": -6.823935360016675,
        "MAPE": 26.501837874822563,
        "CVRMSE": 26.889400586736034
    },
    "DecisionTree": {
        "RMSE": 2122.690625823213,
        "MAE": 1799.0140845070414,
        "R2": -3.239123160296228,
        "MAPE": 17.737659738814752,
        "CVRMSE": 19.79276696720684
    },
    "RandomForest": {
        "RMSE": 1546.7663640393685,
        "MAE": 1276.6632733230895,
        "R2": -1.2508785841429875,
        "MAPE": 12.669844355022414,
        "CVRMSE": 14.422632212017305
    },
    "SVR_RBF": {
        "RMSE": 3611.267089044084,
        "MAE": 3490.8279791108534,
        "R2": -11.269358332914017,
        "MAPE": 33.529700496018734,
        "CVRMSE": 33.6728146251049
    }
}