{
    "LinearRegression": {
        "RMSE": 1355.5412946347524,
        "MAE": 910.0584744871645,
        "R2": 0.82837198699356,
        "MAPE": 0.9364116336186534,
        "CVRMSE": 1.4036611719958494
    },
    "KNN": {
        "RMSE": 2822.922951890405,
        "MAE": 1969.4553916129992,
        "R2": 0.25567823326144956,
        "MAPE": 2.010352498229887,
        "CVRMSE": 2.9231328877901395
    },
    "DecisionTree": {
        "RMSE": 2709.152458289024,
        "MAE": 2019.0140845070332,
        "R2": 0.3144651122286053,
        "MAPE": 2.0656180386741885,
        "CVRMSE": 2.805323695979358
    },
    "RandomForest": {
        "RMSE": 2089.3872809890086,
        "MAE": 1552.4763112414237,
        "R2": 0.5922438094096087,
        "MAPE": 1.592032753917073,
        "CVRMSE": 2.163557695508263
    },
    "SVR_RBF": {
        "RMSE": 2238.262799812529,
        "MAE": 1633.6564821697027,
        "R2": 0.5320657614771644,
        "MAPE": 1.657514932013936,
        "CVRMSE": 2.31771809332161
    }
}