{
    "LinearRegression": {
        "RMSE": 1038.0065547904805,
        "MAE": 545.3353630011075,
        "R2": 0.8852800526923363,
        "MAPE": 1.9818531803257928,
        "CVRMSE": 3.791853539314886
    },
    "KNN": {
        "RMSE": 2005.632024795679,
        "MAE": 1520.1931282475655,
        "R2": 0.5717067222608302,
        "MAPE": 5.634308036585992,
        "CVRMSE": 7.326603918527125
    },
    "DecisionTree": {
        "RMSE": 1747.9716615487398,
        "MAE": 1375.0000000000005,
        "R2": 0.6746824283469457,
        "MAPE": 5.211035312203601,
        "CVRMSE": 6.385366740582452
    },
    "RandomForest": {
        "RMSE": 1026.7993209973342,
        "MAE": 589.099328994255,
        "R2": 0.8877439148430243,
        "MAPE": 2.152590001146495,
        "CVRMSE": 3.7509133458947694
    },
    "SVR_RBF": {
        "RMSE": 1061.9746825799198,
        "MAE": 677.0260541132557,
        "R2": 0.8799209969689741,
        "MAPE": 2.3660388716306544,
        "CVRMSE": 3.8794094702188877
    }
}