{
    "LinearRegression": {
        "RMSE": 384.41020566628083,
        "MAE": 291.83696316644904,
        "R2": 0.8995997817147563,
        "MAPE": 1.2376190385268506,
        "CVRMSE": 1.6164603395010775
    },
    "KNN": {
        "RMSE": 2939.7404596298943,
        "MAE": 2739.7478325201246,
        "R2": -4.871685934062425,
        "MAPE": 11.768537179801273,
        "CVRMSE": 12.3617265914728
    },
    "DecisionTree": {
        "RMSE": 1856.336692384476,
        "MAE": 1484.507042253518,
        "R2": -1.341306855189098,
        "MAPE": 6.187082189853432,
        "CVRMSE": 7.805970278024092
    },
    "RandomForest": {
        "RMSE": 950.5764128771065,
        "MAE": 802.2436223898835,
        "R2": 0.386069929044362,
        "MAPE": 3.407837170830545,
        "CVRMSE": 3.9972119585581187
    },
    "SVR_RBF": {
        "RMSE": 2297.6915297488567,
        "MAE": 2154.09922375969,
        "R2": -2.5869744661616565,
        "MAPE": 9.245343204003035,
        "CVRMSE": 9.661885078750856
    }
}