{
    "LinearRegression": {
        "RMSE": 536.1962441335512,
        "MAE": 378.55915953360346,
        "R2": 0.7599050974610966,
        "MAPE": 0.9048209438951355,
        "CVRMSE": 1.2978644461730364
    },
    "KNN": {
        "RMSE": 1274.6486955839316,
        "MAE": 1085.5162687668064,
        "R2": -0.3568018161270765,
        "MAPE": 2.6396167189445436,
        "CVRMSE": 3.085290584294318
    },
    "DecisionTree": {
        "RMSE": 818.9975837897941,
        "MAE": 573.5915492957765,
        "R2": 0.4398547655268614,
        "MAPE": 1.3685937493969829,
        "CVRMSE": 1.982385846846115
    },
    "RandomForest": {
        "RMSE": 729.4274148911829,
        "MAE": 573.0352782785944,
        "R2": 0.5556762086345239,
        "MAPE": 1.3911497590257056,
        "CVRMSE": 1.765581012938575
    },
    "SVR_RBF": {
        "RMSE": 2839.971943744036,
        "MAE": 2591.4426245098357,
        "R2": -5.735401724513588,
        "MAPE": 6.317415111161356,
        "CVRMSE": 6.874159702238165
    }
}