{
    "LinearRegression": {
        "RMSE": 290.566898275617,
        "MAE": 211.0574368170033,
        "R2": 0.9334399840663904,
        "MAPE": 1.535457987988556,
        "CVRMSE": 2.0885047355303508
    },
    "KNN": {
        "RMSE": 1755.745354275024,
        "MAE": 1419.5714240653522,
        "R2": -1.4302122083801523,
        "MAPE": 10.899362600308303,
        "CVRMSE": 12.619753001976788
    },
    "DecisionTree": {
        "RMSE": 1495.5332555011478,
        "MAE": 1147.1830985915497,
        "R2": -0.7632475608301874,
        "MAPE": 8.682899089334109,
        "CVRMSE": 10.749429149684298
    },
    "RandomForest": {
        "RMSE": 540.9096802780228,
        "MAE": 419.02691054803125,
        "R2": 0.7693408698456533,
        "MAPE": 3.094608620559989,
        "CVRMSE": 3.887891000176111
    },
    "SVR_RBF": {
        "RMSE": 677.2666889297232,
        "MAE": 535.3057651644599,
        "R2": 0.638389882211498,
        "MAPE": 3.9087620995427903,
        "CVRMSE": 4.867982882568368
    }
}