{
    "LinearRegression": {
        "RMSE": 785.2913747190539,
        "MAE": 358.7541150433425,
        "R2": -3.684379979776251,
        "MAPE": 4.318573659413158,
        "CVRMSE": 9.46886646958504
    },
    "KNN": {
        "RMSE": 421.49652706307154,
        "MAE": 351.86180893849155,
        "R2": -0.3495173195533767,
        "MAPE": 4.279932412409593,
        "CVRMSE": 5.0823101598205085
    },
    "DecisionTree": {
        "RMSE": 350.92279565545164,
        "MAE": 266.7375886524812,
        "R2": 0.06456498450634951,
        "MAPE": 3.234278998331307,
        "CVRMSE": 4.231348006825784
    },
    "RandomForest": {
        "RMSE": 263.6733770535996,
        "MAE": 197.49332269889405,
        "R2": 0.4718916618029103,
        "MAPE": 2.400099087446659,
        "CVRMSE": 3.1793141746887246
    },
    "SVR_RBF": {
        "RMSE": 387.15140987961155,
        "MAE": 326.0170542047155,
        "R2": -0.1385501156852429,
        "MAPE": 3.9594027743978537,
        "CVRMSE": 4.6681844748048285
    }
}