{
    "LinearRegression": {
        "RMSE": 829.2046426926236,
        "MAE": 590.2938104630431,
        "R2": 0.9686360276350938,
        "MAPE": 0.8747807864061756,
        "CVRMSE": 1.2423458952747741
    },
    "KNN": {
        "RMSE": 3250.575766167686,
        "MAE": 2683.521940446282,
        "R2": 0.5180209082147005,
        "MAPE": 4.14942111624838,
        "CVRMSE": 4.870136094830145
    },
    "DecisionTree": {
        "RMSE": 2902.039108267744,
        "MAE": 2247.887323943658,
        "R2": 0.6158382386115685,
        "MAPE": 3.5007338489247077,
        "CVRMSE": 4.347945233851945
    },
    "RandomForest": {
        "RMSE": 2426.2903890391817,
        "MAE": 1840.9983029235718,
        "R2": 0.7314697796205922,
        "MAPE": 2.8893452477720802,
        "CVRMSE": 3.63516043009521
    },
    "SVR_RBF": {
        "RMSE": 4284.702950694318,
        "MAE": 3192.0530651300137,
        "R2": 0.16256896896591166,
        "MAPE": 5.039455912481204,
        "CVRMSE": 6.419504726820498
    }
}